batch_index,image_index_in_batch,tp,fp,fn,matched_iou_sum,matched_count,prediction_count,ground_truth_count
0,0,4,6,0,2.838254928588867,4,10,4
1,0,4,3,0,2.7711963653564453,4,7,4
2,0,4,0,0,3.5310733318328857,4,4,4
3,0,6,10,0,4.184475958347321,6,16,6
4,0,4,2,2,2.9970515966415405,4,6,6
5,0,8,3,2,5.42168527841568,8,11,10
6,0,4,4,3,3.5825089812278748,4,8,7
7,0,4,2,2,3.027352452278137,4,6,6
8,0,13,10,5,8.982975661754608,13,23,18
9,0,6,5,2,4.094435930252075,6,11,8
10,0,8,8,3,5.74682754278183,8,16,11
11,0,7,2,1,5.091573655605316,7,9,8
12,0,6,1,4,4.170445024967194,6,7,10
13,0,12,2,0,8.834697484970093,12,14,12
14,0,10,8,3,6.538939476013184,10,18,13
15,0,5,2,1,3.583542048931122,5,7,6
16,0,11,6,0,7.168306350708008,11,17,11
17,0,6,1,4,4.6659533977508545,6,7,10
18,0,6,1,6,4.1534242033958435,6,7,12
19,0,11,9,1,7.919557869434357,11,20,12
20,0,5,0,0,4.265569865703583,5,5,5
21,0,4,5,0,2.4889819622039795,4,9,4
22,0,2,4,0,1.4091596603393555,2,6,2
23,0,7,5,0,4.3481985330581665,7,12,7
24,0,6,10,3,4.09670090675354,6,16,9
25,0,12,3,0,8.214730739593506,12,15,12
26,0,6,4,5,3.7647078037261963,6,10,11
27,0,7,7,2,4.821159899234772,7,14,9
28,0,5,1,0,4.277988076210022,5,6,5
29,0,5,2,0,4.367995023727417,5,7,5
30,0,4,3,0,3.4686672687530518,4,7,4
31,0,3,6,1,2.0729422569274902,3,9,4
32,0,5,0,0,4.130148231983185,5,5,5
33,0,6,2,1,4.488979756832123,6,8,7
34,0,6,0,4,4.2206990122795105,6,6,10
35,0,13,4,1,8.922351121902466,13,17,14
36,0,5,2,0,4.371555268764496,5,7,5
37,0,7,3,4,5.244355797767639,7,10,11
38,0,6,2,1,4.231368243694305,6,8,7
39,0,8,8,4,5.762544572353363,8,16,12
40,0,3,5,3,1.8876013159751892,3,8,6
41,0,1,3,1,0.7982303500175476,1,4,2
42,0,11,8,4,7.157323241233826,11,19,15
43,0,8,4,5,6.245197117328644,8,12,13
44,0,11,5,0,7.428592145442963,11,16,11
45,0,18,5,10,13.469223737716675,18,23,28
46,0,7,7,2,4.775444507598877,7,14,9
47,0,11,2,4,8.230260789394379,11,13,15
48,0,5,6,3,3.070574998855591,5,11,8
49,0,10,1,1,7.529517352581024,10,11,11
50,0,2,2,1,1.7680035829544067,2,4,3
51,0,9,3,3,6.542551815509796,9,12,12
52,0,4,0,1,3.316859483718872,4,4,5
53,0,4,3,0,2.9407498836517334,4,7,4
54,0,4,1,0,3.469488739967346,4,5,4
55,0,10,7,0,7.0855764746665955,10,17,10
56,0,9,5,5,6.636517524719238,9,14,14
57,0,5,5,7,3.136248528957367,5,10,12
58,0,4,1,1,3.2390642762184143,4,5,5
59,0,4,4,2,2.547524571418762,4,8,6
60,0,3,4,0,2.398670256137848,3,7,3
61,0,4,0,0,3.283694803714752,4,4,4
62,0,4,5,3,2.5987386107444763,4,9,7
63,0,8,10,7,5.445524156093597,8,18,15
64,0,7,7,3,4.547060608863831,7,14,10
65,0,4,0,0,3.258511245250702,4,4,4
66,0,3,4,1,1.7488619089126587,3,7,4
67,0,5,0,0,4.454722285270691,5,5,5
68,0,6,4,1,4.515597701072693,6,10,7
69,0,7,3,0,5.235687494277954,7,10,7
70,0,4,0,0,3.510279595851898,4,4,4
71,0,5,6,3,3.462816536426544,5,11,8
72,0,12,6,4,9.185227990150452,12,18,16
73,0,6,5,4,3.8378557562828064,6,11,10
74,0,6,11,2,3.7060890197753906,6,17,8
75,0,13,7,8,9.886343240737915,13,20,21
76,0,9,6,4,5.88630086183548,9,15,13
77,0,5,5,3,3.093659996986389,5,10,8
78,0,9,5,0,6.197135329246521,9,14,9
79,0,1,4,0,0.8821938037872314,1,5,1
80,0,10,4,1,6.870056748390198,10,14,11
81,0,4,3,0,2.92087185382843,4,7,4
82,0,6,4,1,3.957900285720825,6,10,7
83,0,3,0,0,2.2117117047309875,3,3,3
84,0,7,3,2,5.335506856441498,7,10,9
85,0,10,4,5,6.973557114601135,10,14,15
86,0,4,4,4,2.8768447637557983,4,8,8
87,0,6,13,2,4.4027703404426575,6,19,8
88,0,2,3,0,1.7822820544242859,2,5,2
89,0,6,8,2,4.236125826835632,6,14,8
90,0,4,0,0,3.5084879994392395,4,4,4
91,0,3,2,0,2.5375342965126038,3,5,3
92,0,3,1,0,2.2613763213157654,3,4,3
93,0,6,0,6,4.347676455974579,6,6,12
94,0,5,1,0,4.394503712654114,5,6,5
95,0,5,0,0,4.319844126701355,5,5,5
96,0,8,6,5,5.281875491142273,8,14,13
97,0,5,4,2,3.4736883640289307,5,9,7
98,0,4,6,2,2.464844226837158,4,10,6
99,0,9,12,2,6.659087538719177,9,21,11
100,0,5,2,0,4.23749041557312,5,7,5
101,0,7,4,1,5.041329860687256,7,11,8
102,0,8,3,1,4.976325571537018,8,11,9
103,0,7,2,2,4.919029235839844,7,9,9
104,0,4,5,3,3.0704962611198425,4,9,7
105,0,4,12,4,2.9480428099632263,4,16,8
106,0,7,1,2,5.2921353578567505,7,8,9
107,0,8,3,0,6.035366594791412,8,11,8
108,0,5,6,0,3.222661256790161,5,11,5
109,0,10,1,11,7.201198041439056,10,11,21
110,0,4,0,0,3.341006636619568,4,4,4
111,0,9,12,1,5.865844666957855,9,21,10
112,0,10,4,1,8.306318163871765,10,14,11
113,0,9,8,1,5.274134337902069,9,17,10
114,0,19,12,5,13.876946687698364,19,31,24
115,0,9,5,4,6.531831622123718,9,14,13
116,0,5,5,1,3.063082218170166,5,10,6
117,0,2,11,3,1.4232420325279236,2,13,5
118,0,13,1,2,9.967857837677002,13,14,15
119,0,12,5,6,8.911238312721252,12,17,18
120,0,6,4,5,4.071725249290466,6,10,11
121,0,3,2,0,2.4876173734664917,3,5,3
122,0,6,5,1,3.9888492822647095,6,11,7
123,0,3,1,0,2.311892092227936,3,4,3
124,0,7,2,1,4.876590609550476,7,9,8
125,0,5,5,0,3.472218930721283,5,10,5
126,0,7,1,2,5.549511671066284,7,8,9
127,0,4,6,1,2.708607017993927,4,10,5
128,0,3,9,7,2.5222514867782593,3,12,10
129,0,5,4,2,3.0155685544013977,5,9,7
130,0,8,1,2,6.249311566352844,8,9,10
131,0,10,1,7,7.840633809566498,10,11,17
132,0,8,7,3,5.766020774841309,8,15,11
133,0,10,1,6,7.229102790355682,10,11,16
134,0,8,9,1,5.727364420890808,8,17,9
135,0,11,10,0,7.301917552947998,11,21,11
136,0,2,7,1,1.4124040603637695,2,9,3
137,0,9,7,3,6.199682712554932,9,16,12
138,0,2,4,3,1.5863826870918274,2,6,5
139,0,4,2,0,3.346475064754486,4,6,4
140,0,4,7,1,3.3768376111984253,4,11,5
141,0,4,3,0,2.9857800602912903,4,7,4
142,0,12,2,2,9.371461629867554,12,14,14
143,0,8,4,0,5.330554842948914,8,12,8
144,0,2,8,2,1.2726780772209167,2,10,4
145,0,2,6,1,1.1003944277763367,2,8,3
146,0,5,3,0,3.364828884601593,5,8,5
147,0,5,4,1,2.9357911944389343,5,9,6
148,0,3,11,2,1.6692255735397339,3,14,5
149,0,3,3,3,1.9743205904960632,3,6,6
150,0,5,4,3,3.723757266998291,5,9,8
151,0,8,5,3,4.826687812805176,8,13,11
152,0,9,10,1,6.166423141956329,9,19,10
153,0,4,7,2,2.6894864439964294,4,11,6
154,0,7,6,1,4.6385772824287415,7,13,8
155,0,4,4,2,2.6672138571739197,4,8,6
156,0,4,4,2,2.8514187932014465,4,8,6
157,0,3,4,5,2.0321094393730164,3,7,8
158,0,4,1,2,3.042762279510498,4,5,6
159,0,8,2,4,6.3437275886535645,8,10,12
160,0,4,4,0,3.240194261074066,4,8,4
161,0,7,0,5,5.392784893512726,7,7,12
162,0,8,7,2,5.181850850582123,8,15,10
163,0,7,10,6,4.685558795928955,7,17,13
164,0,4,4,1,2.742560029029846,4,8,5
165,0,4,1,0,3.352021813392639,4,5,4
166,0,7,7,0,4.992978990077972,7,14,7
167,0,11,6,1,7.914305031299591,11,17,12
168,0,5,9,1,3.511299192905426,5,14,6
169,0,3,2,0,2.3119577765464783,3,5,3
170,0,4,2,0,3.139310836791992,4,6,4
171,0,5,3,0,3.5368088483810425,5,8,5
172,0,10,6,5,6.719781935214996,10,16,15
173,0,9,3,1,6.439605355262756,9,12,10
174,0,10,0,4,8.053299367427826,10,10,14
175,0,9,8,1,6.599335432052612,9,17,10
176,0,3,1,1,2.8015642166137695,3,4,4
177,0,7,3,1,5.161705195903778,7,10,8
178,0,9,9,1,6.476741969585419,9,18,10
179,0,4,5,0,3.0435386300086975,4,9,4
180,0,10,4,4,7.28825831413269,10,14,14
181,0,2,2,0,1.3612188696861267,2,4,2
182,0,13,3,3,9.782611012458801,13,16,16
183,0,4,1,4,2.9025896191596985,4,5,8
184,0,4,6,1,2.777309238910675,4,10,5
185,0,4,3,1,2.4459553956985474,4,7,5
186,0,11,2,5,7.780287981033325,11,13,16
187,0,4,1,0,3.2536492943763733,4,5,4
188,0,4,1,1,2.739624500274658,4,5,5
189,0,8,3,0,5.352510750293732,8,11,8
190,0,5,0,0,4.197493612766266,5,5,5
191,0,7,3,1,5.266724407672882,7,10,8
192,0,4,5,7,2.5686123967170715,4,9,11
193,0,9,1,6,6.410431325435638,9,10,15
194,0,3,1,0,2.2428165674209595,3,4,3
195,0,10,6,0,7.13886684179306,10,16,10
196,0,13,7,1,8.816258668899536,13,20,14
197,0,7,4,4,5.141099214553833,7,11,11
198,0,6,0,0,3.8377193212509155,6,6,6
199,0,4,6,0,2.9577022790908813,4,10,4
200,0,6,6,1,4.0036932826042175,6,12,7
201,0,3,5,0,1.9190418720245361,3,8,3
202,0,8,7,0,5.396142244338989,8,15,8
203,0,9,2,5,6.686980068683624,9,11,14
